Name,dov,Topic,Count,Representation,Representative_Docs
745_hostess_buns_hamburger_dog,0.0037688442211055288,745,12,"['hostess', 'buns', 'hamburger', 'dog', 'soft', 'hot', 'comanufacturer', 'bakeries', 'listeria', 'hotdog']","['hostess recall: hamburger buns, hot dog buns pulled over salmonella, listeria concerns ibtimes international business times signup my account may 21, 4:18 pm edt world u.s. economy markets companies technology digital life culture sports crypto opinion my account us edition world u.s. economy markets companies technology digital life culture sports crypto opinion listings more spotlight glossary smb forum glossary k-wave ceo spotlight editions australia edition india edition international edition singapore edition united kingdom united states editions australia edition india edition international edition singapore edition united kingdom united states business hostess recall: hamburger buns, hot dog buns pulled over salmonella, listeria concerns by athena chan published at 9:47 pm edt on on on on reddit on flipboard on pocket key points hostess is recalling certain hot dog buns and hamburger buns they may be contaminated with listeria monocytogenes and salmonella customers who bought an affected product may get a full refund hostess brands is voluntarily recalling certain hot dog and hamburger buns because they may be contaminated with salmonella and listeria monocytogenes, both of which may cause ""serious"" infections in some people. the recall affects hostess soft white hamburger buns and hostess soft white hot dog buns, the company announcement posted', 'hostess hot dog and hamburger buns recalled due to possible listeria and salmonella risk smartshopper hostess hot dog and hamburger buns recalled due to possible listeria and salmonella risk hostess brands has recalled multiple batches of hostess soft white hamburger buns and soft white hot dog buns due possible listeria and salmonella contamination. posted 2:48 a.m. aug 19, 2021 updated 2:48 a.m. aug 19, 2021 hostess brands, llc has recalled multiple batches of hostess soft white hamburger buns and soft white hot dog buns due possible listeria monocytogenes and salmonella contamination. according to the recall notice on the fda website, ""hostess brands is recalling the impacted products out of an abundance of caution after becoming aware of this issue from its co-manufacturer, best harvest bakeries, through best harvest bakeries environmental monitoring program. to date, hostess brands has received no reports of illness related to this issue."" the products subject to recall were sold to distributors, convenience stores, and other retail stores in the united states. the recall includes the following: hostess soft white hamburger buns with upc number and multiple batch and best by dates hostess soft white hot dog buns with upc number and multiple batch and best by', 'hostess hot dog and hamburger buns recalled due to possible listeria and salmonella risk smartshopper hostess hot dog and hamburger buns recalled due to possible listeria and salmonella risk hostess brands has recalled multiple batches of hostess soft white hamburger buns and soft white hot dog buns due possible listeria and salmonella contamination. posted 2:48 a.m. aug 19, 2021 updated 2:48 a.m. aug 19, 2021 hostess brands, llc has recalled multiple batches of hostess soft white hamburger buns and soft white hot dog buns due possible listeria monocytogenes and salmonella contamination. according to the recall notice on the fda website, ""hostess brands is recalling the impacted products out of an abundance of caution after becoming aware of this issue from its co-manufacturer, best harvest bakeries, through best harvest bakeries environmental monitoring program. to date, hostess brands has received no reports of illness related to this issue."" the products subject to recall were sold to distributors, convenience stores, and other retail stores in the united states. the recall includes the following: hostess soft white hamburger buns with upc number and multiple batch and best by dates hostess soft white hot dog buns with upc number and multiple batch and best by']"
82_gaza_israel_israeli_lebanon,0.0020010785934718627,82,200,"['gaza', 'israel', 'israeli', 'lebanon', 'palestinian', 'hamas', 'sudan', 'civilians', 'beirut', 'fpm']","[""uae takes kinder surprise eggs off supermarket shelves skip to main content news news menu show news menu hide news menu mena world economy energy health environment sports offbeat all news mena live story top us aide sullivan in israel to advance hostage, saudi deals mena live story icc prosecutor seeks arrest warrant for israeli, hamas leaders mena live story friends, foes offer condolences after iran president raisi death analysis analysis menu show analysis menu hide analysis menu analysis in-depth inside mena all analysis in-depth live story why have the al-fajr forces joined the fight against israel analysis live story why the us is unable to restrain the uae in sudan analysis live story how israel is defying biden's 'red line' on rafah opinion opinion menu show opinion menu hide opinion menu voices perspectives narrated unfiltered all opinion perspectives the students who camped for palestine unfiltered yuval noah harari's odyssey into a parallel zionist universe voices nakba yesterday, nakba today: my grandmother's two keys features features menu show features menu hide features menu culture society book club lifestyle interviews environment and climate all features society live story palestinians in rafah struggle to figure out where to go culture live story"", ""palestinians brace for harder times as pa cuts salaries skip to main content news news menu show news menu hide news menu mena world economy energy health environment sports offbeat all news mena live story war monitor: israeli strikes kill six -iran fighters in syria world live story source: donald trump advisers met israeli pm benjamin netanyahu world live story biden slams 'outrageous' icc arrest bid for israeli leaders analysis analysis menu show analysis menu hide analysis menu analysis in-depth inside mena all analysis in-depth live story why have the al-fajr forces joined the fight against israel analysis live story why the us is unable to restrain the uae in sudan analysis live story how israel is defying biden's 'red line' on rafah opinion opinion menu show opinion menu hide opinion menu voices perspectives narrated unfiltered all opinion perspectives for the islamic republic of iran, raisi's death 'too shall pass' perspectives the students who camped for palestine unfiltered yuval noah harari's odyssey into a parallel zionist universe features features menu show features menu hide features menu culture society book club lifestyle interviews environment and climate all features society live story palestinians in rafah struggle to figure out where to go"", ""tunisia: saied declares war on speculators amid wheat crisis skip to main content news news menu show news menu hide news menu mena world economy energy health environment sports offbeat all news world live story biden slams 'outrageous' icc arrest bid for israeli leaders mena live story close hezbollah source says 4 dead in israeli strikes on lebanon mena live story 'destroy hezbollah': israeli ministers call for lebanon invasion analysis analysis menu show analysis menu hide analysis menu analysis in-depth inside mena all analysis in-depth live story why have the al-fajr forces joined the fight against israel analysis live story why the us is unable to restrain the uae in sudan analysis live story how israel is defying biden's 'red line' on rafah opinion opinion menu show opinion menu hide opinion menu voices perspectives narrated unfiltered all opinion perspectives for the islamic republic of iran, raisi's death 'too shall pass' perspectives the students who camped for palestine unfiltered yuval noah harari's odyssey into a parallel zionist universe features features menu show features menu hide features menu culture society book club lifestyle interviews environment and climate all features society live story palestinians in rafah struggle to figure out where to go""]"
260_antwerp_olivieri_crew_win,0.002013443482257675,260,50,"['antwerp', 'olivieri', 'crew', 'win', 'towards', 'playoffs', 'purpose', 'champions', 'loopy', 'enschede']","['- archyde skip to content archyde menu news economy entertainment health sport technology world news as soon as once more in fourth place after a house win towards antwerp may 21, 2024 with two games left within the champions play-offs, the purpose of olivieri and his crew was clear: to safe a european ticket. win towards antwerp and wed bounce over cercle brugge to put 4. continue reading the eu reinforces its for ukraine with a donation of fifty autos on the second anniversary of the invasion 2024-05-21 21:37:40 may 21, 2024 human bones present in easton brook recognized as lacking man: authorities may 21, 2024 reconstruction time may 21, 2024 supply: france to research wage of head of olympic organizing committee may 21, 2024 latest posts view all as soon as once more in fourth place after a house win towards antwerp may 21, 2024 with two games left within the champions play-offs, the purpose of olivieri and his crew was clear: joost klein again on stage in enschede, the viewers goes loopy may 21, 2024 the artist appeared conscious that there have been many current on the efficiency. i do know everyone 5 targets within the match poland', '- archyde skip to content archyde menu news economy entertainment health sport technology world news as soon as once more in fourth place after a house win towards antwerp may 21, 2024 with two games left within the champions play-offs, the purpose of olivieri and his crew was clear: to safe a european ticket. win towards antwerp and wed bounce over cercle brugge to put 4. continue reading the eu reinforces its for ukraine with a donation of fifty autos on the second anniversary of the invasion 2024-05-21 21:37:40 may 21, 2024 human bones present in easton brook recognized as lacking man: authorities may 21, 2024 reconstruction time may 21, 2024 supply: france to research wage of head of olympic organizing committee may 21, 2024 latest posts view all as soon as once more in fourth place after a house win towards antwerp may 21, 2024 with two games left within the champions play-offs, the purpose of olivieri and his crew was clear: joost klein again on stage in enschede, the viewers goes loopy may 21, 2024 the artist appeared conscious that there have been many current on the efficiency. i do know everyone 5 targets within the match poland', '- archyde skip to content archyde menu news economy entertainment health sport technology world news as soon as once more in fourth place after a house win towards antwerp may 21, 2024 with two games left within the champions play-offs, the purpose of olivieri and his crew was clear: to safe a european ticket. win towards antwerp and wed bounce over cercle brugge to put 4. continue reading the eu reinforces its for ukraine with a donation of fifty autos on the second anniversary of the invasion 2024-05-21 21:37:40 may 21, 2024 human bones present in easton brook recognized as lacking man: authorities may 21, 2024 reconstruction time may 21, 2024 supply: france to research wage of head of olympic organizing committee may 21, 2024 latest posts view all as soon as once more in fourth place after a house win towards antwerp may 21, 2024 with two games left within the champions play-offs, the purpose of olivieri and his crew was clear: joost klein again on stage in enschede, the viewers goes loopy may 21, 2024 the artist appeared conscious that there have been many current on the efficiency. i do know everyone 5 targets within the match poland']"
596_butterball_turkey_14000_ground,0.006938775510204084,596,17,"['butterball', 'turkey', '14000', 'ground', 'pounds', '14107', 'trays', 'plastic', 'timestamps', 'blue']","['ground turkey recalled after reports of plastic mixed in with raw meat - nj.com skip to set weather back to main menu close customize your weather set your location: enter city and state or zip code submit food dining ground turkey recalled after reports of plastic mixed in with raw meat updated: oct. 14, 2021, 3:06 p.m. published: oct. 14, 2021, 2:55 p.m. butterball is recalling over 14,000 pounds of ground turkey that may be contaminated with pieces of blue plastic after consumer complaints, officials announced on wednesday, oct. 13, 2021. provided by u.s. department of agricultures food safety and inspection service by katherine rodriguez nj advance for nj.com butterball has issued a recall of more than 14,000 pounds of its ground turkey products due to plastic contamination fears, the u.s. department of agricultures food safety and inspection service fsis announced wednesday. butterball, which is based in north carolina, is recalling approximately 14,107 pounds of ground turkey products that may be contaminated with extraneous materials, specifically blue plastic, according to the agency. the recalled items were shipped to supermarkets nationwide and were produced on sept. 28, 2021 . according to fsis, the following items were subject to recall : 2.5-pound', 'recall alert: butterball recalling more than 14,100 pounds of ground turkey after customers find blue plastic in meat - masslive.com skip to set weather back to main menu close customize your weather set your location: enter city and state or zip code submit news recall alert: butterball recalling more than 14,100 pounds of ground turkey after customers find blue plastic in meat published: oct. 15, 2021, 7:37 a.m. by cassie mcgrath cmcgrathmasslive.com butterball issued a recall on 14,107 pounds of turkey products wednesday after customers reported finding pieces of blue plastic embedded in the meat to the food safety and inspection service. the following ground turkey items, produced on sept. 28. are subject to recall: 2.5-lb. trays containing farm to family butterball all natural ground turkey with the case code , a sell or freeze by date of , and timestamps from 2123 through 2302 printed on the packaging. 3-lb. tray containing kroger ground turkey with the case code , a sell or freeze by date of , and timestamps from 2314 through 2351 printed on the packaging. food safety regulators said the ground turkey may be contaminated with extraneous materials, and urged costumers to avoid eating it, concerned that', 'butterball ground turkey recalled due to possible plastic contamination smartshopper butterball ground turkey recalled due to possible plastic contamination over 14,000 pounds of butterball ground turkey has been recalled due to possible contamination with plastic. posted 11:27 a.m. oct 14, 2021 updated 12:58 p.m. oct 15, 2021 over 14,000 pounds of butterball ground turkey has been recalled due to possible contamination with blue plastic. the u.s. department of agricultures food safety and inspection service fsis announced the recall on october 13, 2021. the ground turkey items were produced on september 28, 2021 and shipped to retail locations nationwide. the following products have been recalled: 2.5-lb. trays containing farm to family butterball all natural ground turkey with the case code , a sell or freeze by date of , and timestamps from 2123 through 2302 printed on the packaging. 3-lb. tray containing kroger ground turkey with the case code , a sell or freeze by date of , and timestamps from 2314 through 2351 printed on the packaging. the products bear the establishment number est. p-7345 inside the usda mark of inspection. according to the recall notice, ""the problem was discovered when fsis and the establishment received consumer complaints reporting pieces']"
205_freshplaza_fruit_adblocker_message,0.0029420044525848795,205,67,"['freshplaza', 'fruit', 'adblocker', 'message', 'popup', 'receiving', 'visiting', 'banana', 'getting', 'enable']","['freshplaza: global fresh produce and banana news for our daily and stay up to date with all the i am already a subscriber you are receiving this pop-up because this is the first time you are visiting our site. if you keep getting this message, please enable in your browser. you are using software which is blocking our advertisements adblocker. as we provide the news for , we are relying on revenues from our banners. so please disable your adblocker and reload the page to continue using this site. thanks for a guide on disabling your adblocker. for our daily and stay up to date with all the i am already a subscriber you are receiving this pop-up because this is the first time you are visiting our site. if you keep getting this message, please enable in your browser. europe africa asia europe latin america north america oceania tuesday, may 21, 2024 news per sector sectors agenda bananas citrus climate company news cooling exotictropical fruit vegetables food safety fruit fruit grapes fruit melons fruit soft fruit stone fruit top general fresh produce global focus melonskiwifruit global market greenhouse health herbs innovations it logistics machinery management message miscellaneous nuts and', 'freshplaza: global fresh produce and banana news for our daily and stay up to date with all the i am already a subscriber you are receiving this pop-up because this is the first time you are visiting our site. if you keep getting this message, please enable in your browser. you are using software which is blocking our advertisements adblocker. as we provide the news for , we are relying on revenues from our banners. so please disable your adblocker and reload the page to continue using this site. thanks for a guide on disabling your adblocker. for our daily and stay up to date with all the i am already a subscriber you are receiving this pop-up because this is the first time you are visiting our site. if you keep getting this message, please enable in your browser. europe africa asia europe latin america north america oceania tuesday, may 21, 2024 news per sector sectors agenda bananas citrus climate company news cooling exotictropical fruit vegetables food safety fruit fruit grapes fruit melons fruit soft fruit stone fruit top general fresh produce global focus melonskiwifruit global market greenhouse health herbs innovations it logistics machinery management message miscellaneous nuts and', 'freshplaza: global fresh produce and banana news for our daily and stay up to date with all the i am already a subscriber you are receiving this pop-up because this is the first time you are visiting our site. if you keep getting this message, please enable in your browser. you are using software which is blocking our advertisements adblocker. as we provide the news for , we are relying on revenues from our banners. so please disable your adblocker and reload the page to continue using this site. thanks for a guide on disabling your adblocker. for our daily and stay up to date with all the i am already a subscriber you are receiving this pop-up because this is the first time you are visiting our site. if you keep getting this message, please enable in your browser. europe africa asia europe latin america north america oceania tuesday, may 21, 2024 news per sector sectors agenda bananas citrus climate company news cooling exotictropical fruit vegetables food safety fruit fruit grapes fruit melons fruit soft fruit stone fruit top general fresh produce global focus melonskiwifruit global market greenhouse health herbs innovations it logistics machinery management message miscellaneous nuts and']"
528_capri_heinz_kraft_cherry,0.0020714056103250064,528,21,"['capri', 'heinz', 'kraft', 'cherry', 'cleaning', 'juice', '5760', 'solution', 'flavored', 'sun']","['kraft heinz recalling contaminated capri sun juice pouches metro us pros new york city philadelphia news philly new york all entertainment lifestyle sports things to do in new york in philadelphia business games us podcasts search: pros new york city philadelphia news philly new york all entertainment lifestyle sports things to do in new york in philadelphia business games us podcasts search: search: new york city philadelphia news philly new york all entertainment lifestyle sports things to do in new york in philadelphia business games pros us podcasts news kraft heinz recalling contaminated capri sun juice pouches by dee-ann durbin posted on august 16, 2022 this photo provided by kraft heinz shows the packaging of wild cherry flavor capri sun. the company said it is recalling 5,760 cases of capri sun wild cherry flavored juice blend. the best when used by date on the packages is june 25, 2023. kraft heinz via ap for our metro us email to get news, updates, and local insights delivered straight to your inbox kraft heinz is recalling thousands of pouches of capri sun in the u.s. after some cleaning solution accidentally mixed with the juice on a production line. the company said its', 'capri sun recall: kraft heinz recalls cases of wild cherry flavored juice drink blend due to possible cleaning solution contamination in pouches - masslive.com skip to set weather back to main menu close customize your weather set your location: enter city and state or zip code submit news capri sun recall: kraft heinz recalls cases of wild cherry flavored juice drink blend due to possible cleaning solution contamination in pouches published: aug. 15, 2022, 4:59 p.m. kraft heinz announced a voluntary recall of roughly 5,760 cases of capri sun wild cherry flavored juice drink. by chris mclaughlin cmclaughlinmasslive.com kraft heinz, the parent company of capri sun, has issued a voluntary recall of 5,760 cases of the beverages wild cherry flavored juice drink blend due to possible contamination. the recall is the result of a diluted cleaning solution which is used on food processing equipment that was inadvertently introduced into a production line at one our our factories, kraft heinz announced in a news release . only specific cases of the wild cherry-flavored capri sun are affected by the recall, kraft heinz added. those products have a best when used by date of june 25, 2023 on them. the issue was', 'thousands of capri sun cases recalled over potential cleaning solution contamination - abc news abc news live shows elections 538 shop interest successfully added we\'ll notify you here with news turn on desktop notifications for breaking stories interest off on stream on food thousands of capri sun cases recalled over potential cleaning solution contamination only the wild cherry flavored pouches were recalled by the company. by shivani parmar august 15, 2022, 7:22 pm 1:10 kraft heinz capri sun in the wild cherry flavor is pictured in an undated product image. kraft heinz as children are heading back to school this month, kraft heinz announced a recall on friday of more than 5,000 cases of capri sun due to a possible contamination. this voluntary recall comes after the company announced the potential contamination affecting approximately 5,760 capri sun cases each case contains 10 pouches of its wild cherry flavor. the company said a diluted cleaning solution was inadvertently introduced into a production line at one of its factories. the ""best when used by"" date on the products is june 25, 2023, according to the company. no other capri sun flavors were listed in the recall. ""the issue was discovered after we']"
639_maid_cocacola_minute_sprite,0.0051334702258726906,639,15,"['maid', 'cocacola', 'minute', 'sprite', 'washers', 'bolts', 'metal', 'va', 'nj', 'md']","['minute maid juice recall in 8 states, possible presence of metal bolts or washers ibtimes international business times signup my account may 21, 10:38 am edt world u.s. economy markets companies technology digital life culture sports crypto opinion my account us edition world u.s. economy markets companies technology digital life culture sports crypto opinion listings more spotlight glossary smb forum glossary k-wave ceo spotlight editions australia edition india edition international edition singapore edition united kingdom united states editions australia edition india edition international edition singapore edition united kingdom united states national minute maid juice recall in 8 states, possible presence of metal bolts or washers by ashley palya published at 2:53 pm est on on on on reddit on flipboard on pocket the coca-cola co. is voluntarily recalling 7,500 of its minute maid products in eight states due to the possibility that a foreign object may be present. the recall, reported by food safety news , says that the foreign object could be a metal bolt or washer in 59-ounce cartons of the juice flavors ""berry punch, strawberry lemonade and fruit punch."" ""we took this voluntary action because nothing is more important to us than providing safe, high-quality products to', 'metal found in these drinks forces fda recall in ct, ny, nj, pa northern valley daily voice find your daily voice northern valley serving harrington park, haworth, northvale, norwood, old tappan, and rockleigh sunday, may 12 45 follow news schools business obituaries police fire weather lifestyle politics sports real estate tags shop us northern valley follow find your daily voice news schools business obituaries police fire weather lifestyle politics sports real estate tags shop us us all sites with us us terms of use code of ethics 2024 cantata 45 sunday, may 12 metal found in these drinks forces fda recall in ct, ny, nj, pa metal fragments and washers found in minute maid and coca-cola products have forced the us food and drug administration to issue a voluntary recall in eight states. minute maid orange juice photo credit: minute maid us jillian pikora email me stories 5:09 p.m. the products were distributed in pennsylvania, connecticut, new york, north carolina, maryland, virginia, maine and new jersey, according to the fda. the recalled minute maid products, first reported by food safety news , are: berry punch: date codes jan0422 np and jan0522 np, batch and recall f-0276-2022 strawberry lemonade: date code:', ""minute maid issues recall after metal bolts, washers found in beverages primary menu sections us news metro politics world news page six sports nfl mlb nba nhl college football college basketball wnba post sports sports betting business personal finance opinion entertainment tv movies music celebrities awards theater shopping lifestyle weird but true health sex relationships viral trends human interest parenting fashion beauty food drink travel real estate alexa tech astrology photos visual stories todays paper covers columnists horoscopes crosswords games sports odds podcasts email newsletters official store delivery tips search email new york post search search business flipboard whatsapp email copy minute maid issues recall after metal bolts, washers found in beverages by daniella genovese, fox business thanks for contacting us. we've received your submission. back to reading published dec. 13, 2021 updated dec. 13, 2021, 4:06 p.m. et the coca-cola company has recalled minute maid drinks sold in multiple states after some were contaminated by foreign matter. originally published by: ham, pepperoni products shipped nationwide recalled over possible listeria contamination adult bed rails sold nationwide recalled after 2 deaths honda recalls suvs and trucks because hoods can pop open while driving a limited quantity of refrigerated minute maid berry""]"
354_skippy_peanut_butter_jars,0.011442441054091541,354,33,"['skippy', 'peanut', 'butter', 'jars', 'fragments', 'stainless', 'steel', 'creamy', '161692', 'reduced']","['skippy peanut butter recall: 18 states affected nbc new york skip to content main navigation search search for: local weather investigations baquero tv listings our voices newsletters watch news 247 watch 247 trump hush money nyc to dublin portal feeding our families 2024 paris olympics nbc local deals savings new york live send photosvideos open house expand recall alert skippy peanut butter recalled in 18 states over possible contamination the affected jars are skippy reduced fat peanut butter spread and skippy creamy peanut butter blended with plant protein published march 31, 2022 updated on march 31, 2022 at 9:21 pm nbcuniversal , llc skippy is recalling tens of thousands of jars of two kinds of peanut butter distributed to 18 states, including new york, new jersey and connecticut, over concerns the products could be contaminated by small fragments of stainless steel. fewer than 10,000 9,353 cases of skippy reduced fat peanut butter spread and skippy creamy peanut butter blended with plant protein are affected by the recall. that amounts to roughly 60,000 jars, according to one report. skippy described the recalled items as ""a very limited number"" and said it was pulling them from shelves out of an abundance of', 'peanut butter recall alert: skippy warns of potential fragments of stainless steel in some of its peanut butter products - masslive.com skip to set weather back to main menu close customize your weather set your location: enter city and state or zip code submit food and dining peanut butter recall alert: skippy warns of potential fragments of stainless steel in some of its peanut butter products published: mar. 31, 2022, 2:18 p.m. voluntary class ii recall announced for a limited number of jars of skippy reduced fat creamy peanut butter spread, skippy reduced fat chunky peanut butter spread and skippy creamy peanut butter blended with plant protein. skippy foods, llc by chris mclaughlin cmclaughlinmasslive.com skippy is recalling a select number of its peanut butter products after it was found that some of the jars may have fragments of stainless steel inside of them from a piece of manufacturing equipment. according to a release , the voluntary recall affects skippy reduced fat creamy peanut butter spread as well as the brands reduced fat chunky peanut butter spread and its creamy peanut butter blended with plant protein. it encompasses 9,353 cases, or 161,692 total pounds, of affected product with a limited number', 'after fragments of metal found in jars, skippy recalls peanut butter wed, 22 may 2024 menu international business asia wire search weather network volume no. after fragments of metal found in jars, skippy recalls peanut butter robert besser 04 apr 2022, 02:33 gmt10 skippy foods announced a voluntary recall of some peanut butter products this week after small metal fragments were found in some jars the recall includes a limited number of skippy reduced fat creamy peanut, skippy reduced fat chunky peanut butter spread and skippy creamy peanut butter blended with plant protein, with use-by dates from early may 2023 no consumer complaints have been received and all retailers have been notified little rock, arkansas: skippy foods announced a voluntary recall of some peanut butter products this week after small metal fragments were found in some jars. the recall includes a limited number of skippy reduced fat creamy peanut, skippy reduced fat chunky peanut butter spread and skippy creamy peanut butter blended with plant protein, with use-by dates from early may 2023. the products were sold in the states of california, connecticut, delaware, florida, hawaii, illinois, indiana, kansas, massachusetts, minnesota, missouri, north carolina, nebraska, new hampshire, new jersey, new york,']"
169_mayo_candidates_midwest_mascots,0.00263317100501827,169,82,"['mayo', 'candidates', 'midwest', 'mascots', 'jobwaves', 's2smodern', 'chats', 'claremorris', 'chosen', 'ballina']","[""midwest radio - cold weather set to continue this week listen news sport death notices current death notices previous death notices family notices listen back shop more radio bingo community bingo sessions local services local local jobwaves meet the staff schedule podcasts radio shows competitions ours to protect cold weather set to continue this week details published: sunday, 05 february 2023 10:29 there's another cold snap on the way. temperatures dropped to minus one degree overnight... and there's more to come. alan o'reilly from carlow weather says temperatures will drop further as the week goes on: 0 0 0 s2smodern may 21, 2024 midwest news chats to local election candidates in mayo today, we continue our series in talking to local election candidates across mayo. there are 73 candidates contesting 30 places on mayo county council, with the elections taking place on june 7. today, we take a look at the claremorris local electoral area, may 21, 2024 11 ballina students chosen to be mascots at tomorrow night's europa league final in dublin a number of mayo students have been chosen to be mascots at tomorrow evening's europa league final taking place in dublin. the uefa foundation and rio ferdinand"", ""midwest radio - thousands of ukrainian students expected to in irish schools from tomorrow listen news sport death notices current death notices previous death notices family notices listen back shop more radio bingo community bingo sessions local services local local jobwaves meet the staff schedule podcasts radio shows competitions ours to protect thousands of ukrainian students expected to in irish schools from tomorrow details published: sunday, 24 april 2022 15:11 thousands of ukrainian students are expected to in irish schools from tomorrow. education officials estimate there are around 25,000 places available at primary level - and around 18,000 at secondary level. language supports are also being put in place to children make the transition. 0 0 0 s2smodern may 21, 2024 midwest news chats to local election candidates in mayo today, we continue our series in talking to local election candidates across mayo. there are 73 candidates contesting 30 places on mayo county council, with the elections taking place on june 7. today, we take a look at the claremorris local electoral area, may 21, 2024 11 ballina students chosen to be mascots at tomorrow night's europa league final in dublin a number of mayo students have been chosen to"", ""midwest radio - road collision at party this morning listen news sport death notices current death notices previous death notices family notices listen back shop more radio bingo community bingo sessions local services local local jobwaves meet the staff schedule podcasts radio shows competitions ours to protect road collision at party this morning details published: monday, 27 february 2023 08:56 the emergency services are at the scene of a road collision on the main westport to ballinrobe road this morning, at party. traffic flow along the route is disrupted as a result. there are no further details available. gardai are advising motorists to avoid the area, if possible this morning. 0 0 0 s2smodern may 21, 2024 midwest news chats to local election candidates in mayo today, we continue our series in talking to local election candidates across mayo. there are 73 candidates contesting 30 places on mayo county council, with the elections taking place on june 7. today, we take a look at the claremorris local electoral area, may 21, 2024 11 ballina students chosen to be mascots at tomorrow night's europa league final in dublin a number of mayo students have been chosen to be mascots at tomorrow""]"
380_calmaine_producer_chickens_egg,0.002789264071622034,380,31,"['calmaine', 'producer', 'chickens', 'egg', 'bird', 'flu', 'texas', '337000', 'largest', 'temporarily']","['largest egg producer in us halts production after bird flu found in chickens ramapo daily voice find your daily voice ramapo your local news for ramapo, new york saturday, apr 27 45 follow news schools business obituaries police fire weather lifestyle politics sports traffic real estate tags shop us ramapo follow find your daily voice news schools business obituaries police fire weather lifestyle politics sports traffic real estate tags shop us us all sites with us us terms of use code of ethics 2024 cantata 45 saturday, apr 27 largest egg producer in us halts production after bird flu found in chickens production has been halted at the largest producer of fresh eggs in the united states after bird flu was discovered in chickens. eggs photo credit: wikipediatudortulok joe lombardi joelombardi email me stories 9:00 a.m. cal-maine foods reported that one of the companys facilities located in parmer county, texas, tested positive for highly pathogenic avian influenza hpai, resulting in depopulation of approximately 1.6 million laying hens and 337,000 pullets, or approximately 3.6 percent of its total flock. ""production at the facility has temporarily ceased as the company follows the protocols prescribed by the usda,"" cal-maine said in a statement,', 'bird flu found in largest fresh egg producer in us, production halted nbc new york skip to content main navigation search search for: local weather investigations baquero tv listings our voices newsletters watch news 247 watch 247 trump hush money nyc to dublin portal feeding our families 2024 paris olympics nbc local deals savings new york live send photosvideos open house expand largest us fresh egg producer halts production at texas plant after bird flu found in chickens the company says there is no known bird flu risk associated with eggs that are currently in the market and no eggs have been recalled by the associated and nbcdfw staff published april 2, 2024 updated on april 2, 2024 at 5:37 pm nbc universal, inc. the largest producer of fresh eggs in the united states said tuesday that it has stopped production at a texas plant after bird flu was found in chickens there. ridgeland, mississippi-based cal-maine foods, inc. said in a statement that approximately 1.6 million laying hens and 337,000 pullets, 3.6 of its total flock, were destroyed after the infection, avian influenza, was found at the facility in parmer county, texas. this is absolutely devastating news for cal-maine and', ""largest fresh egg producer in us has found bird flu in chickens at texas and michigan plants health news research live discourse opinion submit release career team partnership knowledge partnership partnership us news research live discourse opinion interview submit release agro-forestry art culture technology economy education energy politics law governance health science social sports transport urban development wash news health largest fresh egg producer in us has found bird flu in chickens at texas and michigan plants the largest us fresh egg producer temporarily halted production in texas due to bird flu in chickens. cal-maine foods destroyed around 1.6 million laying hens and detected avian influenza at a michigan facility. no known risk to eggs on the market. state health officials reported a human case in texas linked to infected cows. michigan's fourth bird flu case since 2022. no disruptions expected in supply chains. pti washington dc updated: 03-04-2024 03:43 ist created: 03-04-2024 03:43 ist country: united states the largest producer of fresh eggs in the us has said that it had temporarily halted production at a texas plant after bird flu was found in chickens, and officials said the virus had also been detected at poultry facility in michigan.""]"
236_remix_rip_oregon_nw,0.0022232646327615094,236,56,"['remix', 'rip', 'oregon', 'nw', 'gps', 'squad', 'outdoor', 'blazers', 'andys', 'timbers']","[""thousands of pounds of ground beef recalled over e. coli risk skip to content be seen be heard portland around the house nw outdoor gps hunger project surprise squad well-being revolution first alert weather watch live news fox 12 investigates fox 12 now traffic sports good day oregon rip city remix tv schedule news national news local highlights fox 12 now fox 12 investigates most wanted school authority submit a tip news links - as seen on tv first alert weather 7 day forecast closings weather submit weather photos weather weather maps weather alerts wildfires election results interactive election map oregon secretary of state elections page traffic gas prices community community calendar hunger project toy drive magic of lights around the house nw clean water - it's our future surprise squad rose festival classroom of the month submit photos sports high schools trail blazers rip city remix timbers thorns national sports outdoor gps stats predictions how to watch health kaiser permanente thrive providence health services well-being revolution good day oregon show and tell on the go andy's adventures your child's 1st birthday good day pets us meet the team nextgen tv tv schedule our apps fox 12 on alexa get"", ""pet food recall expanded over listeria, salmonella contamination skip to content be seen be heard portland around the house nw outdoor gps hunger project surprise squad well-being revolution first alert weather watch live news fox 12 investigates fox 12 now traffic sports good day oregon rip city remix tv schedule news national news local highlights fox 12 now fox 12 investigates most wanted school authority submit a tip news links - as seen on tv first alert weather 7 day forecast closings weather submit weather photos weather weather maps weather alerts wildfires election results interactive election map oregon secretary of state elections page traffic gas prices community community calendar hunger project toy drive magic of lights around the house nw clean water - it's our future surprise squad rose festival classroom of the month submit photos sports high schools trail blazers rip city remix timbers thorns national sports outdoor gps stats predictions how to watch health kaiser permanente thrive providence health services well-being revolution good day oregon show and tell on the go andy's adventures your child's 1st birthday good day pets us meet the team nextgen tv tv schedule our apps fox 12 on alexa get a copy of"", ""dog food being recalled over salmonella concerns skip to content be seen be heard portland around the house nw outdoor gps hunger project surprise squad well-being revolution first alert weather watch live news fox 12 investigates fox 12 now traffic sports good day oregon rip city remix tv schedule news national news local highlights fox 12 now fox 12 investigates most wanted school authority submit a tip news links - as seen on tv first alert weather 7 day forecast closings weather submit weather photos weather weather maps weather alerts wildfires election results interactive election map oregon secretary of state elections page traffic gas prices community community calendar hunger project toy drive magic of lights around the house nw clean water - it's our future surprise squad rose festival classroom of the month submit photos sports high schools trail blazers rip city remix timbers thorns national sports outdoor gps stats predictions how to watch health kaiser permanente thrive providence health services well-being revolution good day oregon show and tell on the go andy's adventures your child's 1st birthday good day pets us meet the team nextgen tv tv schedule our apps fox 12 on alexa get a copy of a""]"
813_groundwater_nuke_punggyeri_radiation,0.002797202797202798,813,10,"['groundwater', 'nuke', 'punggyeri', 'radiation', 'carries', 'korea', 'korean', 'koreas', 'seoulbased', 'test']","['groundwater carries radiation risk for north korean cities near nuke test site rights group wkzo everything kalamazoo 590 am 106.9 fm menu listen live news weather on air cancellations podcasts sign in search news weather on air cancellations podcasts 1 active school or business cancellations. groundwater carries radiation risk for north korean cities near nuke test site rights group by syndicated content feb 20, 2023 8:06 pm by hyonhee shin seoul reuters tens of thousands of north koreans and people in south korea, japan and china could be exposed to radioactive materials spread through groundwater from an underground nuclear test site, a seoul-based human rights group said in a report on tuesday. north korea secretly conducted six tests of nuclear weapons at the punggye-ri site in the mountainous north hamgyong province between 2006 and 2017, according to the u.s. and south korean governments. the study by the transitional justice working group said radioactive materials could have spread across eight cities and counties near the site, where more than 1 million north koreans live, and where groundwater is used in everyday lives including drinking. it also said that neighbouring south korea, china and japan might be at risk due partly to', 'groundwater carries radiation risk for north korean cities near nuke test site - rights group ibtimes international business times signup my account may 21, 6:41 pm edt world u.s. economy markets companies technology digital life culture sports crypto opinion my account us edition world u.s. economy markets companies technology digital life culture sports crypto opinion listings more spotlight glossary smb forum glossary k-wave ceo spotlight editions australia edition india edition international edition singapore edition united kingdom united states editions australia edition india edition international edition singapore edition united kingdom united states world groundwater carries radiation risk for north korean cities near nuke test site - rights group by hyonhee shin published at 8:09 pm est on on on on reddit on flipboard on pocket people watch a tv broadcasting a news report on the dismantling of the punggye-ri nuclear testing site, in seoul, south korea, may 24, 2018. reuters tens of thousands of north koreans and people in south korea, japan and china could be exposed to radioactive materials spread through groundwater from an underground nuclear test site, a seoul-based human rights group said in a report on tuesday. north korea secretly conducted six tests of nuclear weapons at the', 'groundwater carries radiation risk for north korean cities near nuke test site: rights group the may 22, 06:43 25c 94 weblink the student the standardjobs the section news features event coffee break individual order form editorial local finance china world sports central station columns editorial local finance china world sports central station event and features money glitz weekend glitz property overseas property education overseas education travel art culture technology motoring dcor health beauty city talk people groundwater carries radiation risk for north korean cities near nuke test site: rights group world 21 feb 2023 1:24 pm print font font people watch a tv broadcasting a news report on the dismantling of the punggye-ri nuclear testing site, in seoul, south korea. reuters tens of thousands of north koreans and people in south korea, japan and china could be exposed to radioactive materials spread through groundwater from an underground nuclear test site, a seoul-based human rights group said in a report on tuesday. north korea secretly conducted six tests of nuclear weapons at the punggye-ri site in the mountainous north hamgyong province between 2006 and 2017, according to the u.s. and south korean governments. the study by the transitional justice working group']"
121_quaker_granola_oats_bars,0.002604479726017173,121,130,"['quaker', 'granola', 'oats', 'bars', 'cereals', 'chewy', 'cereal', 'capn', 'salmonella', 'crunch']","['quaker oats recalls granola bars and cereals for potential salmonella contamination - masslive.com skip to set weather back to main menu close customize your weather set your location: enter city and state or zip code submit news quaker oats recalls granola bars and cereals for potential salmonella contamination published: dec. 16, 2023, 3:44 p.m. the new quaker oats sign is seen in cedar rapids, iowa on tuesday, june 8, 2021. quaker oats on friday, dec. 15, 2023, recalled several of its granola products, including granola bars and cereals, saying the foods could be contaminated with salmonella. rebecca f. millerthe gazette file photo via ap by the associated masslive quaker oats on friday recalled several of its granola products, including granola bars and cereals, saying the foods could be contaminated with salmonella. salmonella infections can cause fever, diarrhea, nausea, vomiting and stomach pain, according to the food and drug administration. in rare cases, the bacterial disease can be fatal. quaker, which is owned by pepsico, said in a news release that it has not received any reports of salmonella infections related to the recalled granola products. the full list of recalled foods includes granola oats cereals and quaker chewy bars, which', 'quaker oats granola bars, cereal recalled for possible salmonella contamination - oregonlive.com skip to set weather back to main menu close customize your weather set your location: enter city and state or zip code submit business quaker oats granola bars, cereal recalled for possible salmonella contamination updated: dec. 23, 2023, 12:23 p.m. published: dec. 16, 2023, 12:06 p.m. the new quaker oats sign is seen in cedar rapids, iowa on tuesday, june 8, 2021. quaker oats on friday, dec. 15, 2023, recalled several of its granola products, including granola bars and cereals, saying the foods could be contaminated with salmonella. rebecca f. millerthe gazette file photo via ap by the associated chicago quaker oats on friday recalled several of its granola products, including granola bars and cereals, saying the foods could be contaminated with salmonella. salmonella infections can cause fever, diarrhea, nausea, vomiting and stomach pain, according to the food and drug administration. in rare cases, the bacterial disease can be fatal. quaker, which is owned by pepsico, said in a news release that it has not received any reports of salmonella infections related to the recalled granola products. the full list of recalled foods includes granola oats cereals and', 'quaker oats recalls granola products due to salmonella concerns - breaking homepage news business entertainment health sports technology world search quaker oats recalls granola products due to salmonella concerns business quaker oats recalls granola products due to salmonella concerns by admin december 17, 2023 december 17, 2023 152 quaker oats recalls granola products over salmonella concerns chicago. quaker oats on friday recalled several of its granola products, including granola bars and cereals, saying the foods could be contaminated with salmonella. salmonella infections can cause fever, diarrhea, nausea, vomiting, and stomach pain, according to the food and drug administration, with rare cases resulting in fatalities. quaker, which is owned by pepsico, stated in a news release that it has not received any reports of salmonella infections linked to the recalled granola products. the full list of recalled foods includes granola oatmeal cereals and quaker chewy bars, which are also sold in pepsico snack mixes. affected products have been sold in all 50 states, as well as u.s. territories, quaker said. the company asks customers with recalled products to throw them away and its line or visit the recall website for more information and refunds. according to estimates by the centers for']"
561_ujani_sdrf_capsizes_ndrf,0.004910829671749807,561,19,"['ujani', 'sdrf', 'capsizes', 'ndrf', 'sultry', 'turnout', 'dam', 'polling', 'boat', 'deployed']","['and from across the world - samachar central skip to content menu business technology entertainment sports science health lifestyle education menu business technology entertainment sports science health lifestyle education mumbai sees 52 turnout, sultry weather, long queues test voters patience 2024-05-22 09:04 am in 2019, the polling percentage across the six lok sabha constituencies in the city was 55.38 per cent. mumbai: mumbai recorded a turnout of 52.27 percent, lower than that in 2019, in the general elections on monday amid sultry weather and complaints of delays in the polling process. the constituency of mumbai south, to categories maharashtra: 6 feared dead after boat capsizes in ujani dam waters; ndrf, sdrf deployed india 2024-05-22 09:03 am six people remain missing in maharashtra after a boat capsized on tuesday evening in ujani dam waters near kalashi village, close to indapur tahseel of pune district. the police said that ndrf and sdrf teams have been deployed on site. six missing after boat capsizes in maharashtra representational imageht photo the incident took place on categories india singapore airlines flight horror: 3 indians among passengers hit by plane turbulence world news 2024-05-22 09:02 am a singapore airlines flight experienced severe turbulence over the indian', 'and from across the world - samachar central skip to content menu business technology entertainment sports science health lifestyle education menu business technology entertainment sports science health lifestyle education mumbai sees 52 turnout, sultry weather, long queues test voters patience 2024-05-22 09:04 am in 2019, the polling percentage across the six lok sabha constituencies in the city was 55.38 per cent. mumbai: mumbai recorded a turnout of 52.27 percent, lower than that in 2019, in the general elections on monday amid sultry weather and complaints of delays in the polling process. the constituency of mumbai south, to categories maharashtra: 6 feared dead after boat capsizes in ujani dam waters; ndrf, sdrf deployed india 2024-05-22 09:03 am six people remain missing in maharashtra after a boat capsized on tuesday evening in ujani dam waters near kalashi village, close to indapur tahseel of pune district. the police said that ndrf and sdrf teams have been deployed on site. six missing after boat capsizes in maharashtra representational imageht photo the incident took place on categories india singapore airlines flight horror: 3 indians among passengers hit by plane turbulence world news 2024-05-22 09:02 am a singapore airlines flight experienced severe turbulence over the indian', 'and from across the world - samachar central skip to content menu business technology entertainment sports science health lifestyle education menu business technology entertainment sports science health lifestyle education mumbai sees 52 turnout, sultry weather, long queues test voters patience 2024-05-22 09:04 am in 2019, the polling percentage across the six lok sabha constituencies in the city was 55.38 per cent. mumbai: mumbai recorded a turnout of 52.27 percent, lower than that in 2019, in the general elections on monday amid sultry weather and complaints of delays in the polling process. the constituency of mumbai south, to categories maharashtra: 6 feared dead after boat capsizes in ujani dam waters; ndrf, sdrf deployed india 2024-05-22 09:03 am six people remain missing in maharashtra after a boat capsized on tuesday evening in ujani dam waters near kalashi village, close to indapur tahseel of pune district. the police said that ndrf and sdrf teams have been deployed on site. six missing after boat capsizes in maharashtra representational imageht photo the incident took place on categories india singapore airlines flight horror: 3 indians among passengers hit by plane turbulence world news 2024-05-22 09:02 am a singapore airlines flight experienced severe turbulence over the indian']"
757_belvita_breakfast_sandwich_biscuits,0.005979073243647239,757,12,"['belvita', 'breakfast', 'sandwich', 'biscuits', 'mondelez', 'mondelz', 'peanut', 'creme', 'peanuts', 'nj']","['check your pantries: belvita breakfast sandwich biscuits recalled over allergy concerns ibtimes international business times signup my account may 21, 3:53 am edt world u.s. economy markets companies technology digital life culture sports crypto opinion my account us edition world u.s. economy markets companies technology digital life culture sports crypto opinion listings more spotlight glossary smb forum glossary k-wave ceo spotlight editions australia edition india edition international edition singapore edition united kingdom united states editions australia edition india edition international edition singapore edition united kingdom united states business check your pantries: belvita breakfast sandwich biscuits recalled over allergy concerns by athena chan published at 10:52 pm edt on on on on reddit on flipboard on pocket pictured: representative image. two belvita sandwich breakfast biscuits, peanut butter. mx. grangerwikimedia commons public domain key points the problem was discovered during a manufacturing inspection there are three ""unconfirmed reports of possible allergic reaction"" the recall affects two varieties of belvita breakfast sandwich biscuits mondelz global has recalled certain belvita breakfast sandwich biscuits because they may contain an undeclared allergen, specifically peanut. the affected products were sold at retail stores across the country. the problem with the recalled belvita breakfast sandwich biscuits was discovered', 'belvita recalls 2 breakfast items after possible nut contamination; heres what you need to know - al.com skip to set weather back to main menu close customize your weather set your location: enter city and state or zip code submit alabama birmingham huntsville mobile montgomery tuscaloosa annistongadsden beaches alabama birmingham news the lede huntsville times the lede - the lede more local news for birmingham, huntsville, and mobile start today for 1 alabama life culture belvita recalls 2 breakfast items after possible nut contamination; heres what you need to know published: jul. 06, 2023, 6:18 a.m. mondelz global llc on july 3, 2023, recalled some belvita breakfast sandwich biscuits because they may have come in with peanut residue. peanuts are an allergen and are not listed in the ingredients. photos provided by the u.s. food and drug administration by mark heim mheimal.com there is a voluntary recall for belvita breakfast products. mondelez, which makes belvita, announced the recall monday due to the possibility that they may contain undeclared peanuts resulting from cross- on a single manufacturing line. the recall is for the following: belvita breakfast sandwich cinnamon brown sugar with vanilla creme belvita breakfast sandwich dark chocolate creme the products', 'belvita breakfast sandwich biscuits recalled following possible peanut contamination, company says - abc news abc news live shows elections 538 shop interest successfully added we\'ll notify you here with news turn on desktop notifications for breaking stories interest off on stream on belvita breakfast sandwich biscuits recalled following possible peanut contamination, company says only two of the mondelz belvita lines are impacted by the recall. by teddy grant july 4, 2023, 8:03 pm 1:10 belvita breakfast sandwich cinnamon brown sugar with vanilla creme and belvita breakfast sandwich dark chocolate creme. mondelez international, inc. a pair of belvita breakfast sandwich products have been voluntarily recalled because they have potential undeclared peanut, according to the company that makes the biscuits. mondelz global announced the recall on monday, saying in a release that the biscuits may contain the substance as a result of cross- on one manufacturing line. ""we became aware of this issue during an internal manufacturing inspection when we found the potential presence of peanut protein residue on the line used to make these products,"" the company said in mondays release. more: 5 people dead, 2 children injured in mass shooting in philadelphia, police say the voluntary recall only applies to']"
754_paw_explicit_patrol_lidl,0.0020576235741640906,754,12,"['paw', 'explicit', 'patrol', 'lidl', 'url', 'compromised', 'childrens', 'snacks', 'porn', 'patrolthemed']","['lidl urgently recalls kids paw patrol snacks over explicit error on packaging - mirror online us edition us edition uk edition irish mirror news uk news us news world news weird news real life more hopeful teamdogs in your area politics health weather crime royals money tech science sport football boxing ufc cricket rugby union rugby league f1 racing golf tennis athletics darts snooker us sports betting travel news uk ireland europe usa canada caribbean africa cruises cheap flights asia middle east australia new zealand central south america lifestyle family fashion beauty motoring sex relationships food drink gaming gardening celebs tv films us celebrity news bingo cartoons competitions crosswords dating funeral notices horoscopes offers partner stories signup voucher codes asos nike argos john lewis currys booking shein prettylittlething groupon boohoo mirror choice opinion search on social money in your area got a story shop news politics football celebs tv shopping royals news politics football celebs tv shopping royals lidl urgently recalls kids paw patrol snacks over explicit error on packaging lidl announced the recall of the paw patrol-themed biscuits ""mini biscotti"" and its ""yummy bakes"" bars after the web address on the packaging had ""been compromised"" the product has been', ""lidl paw patrol snack recall due to link to explicit website western telegraph cars homes book an local listings local info us more cars homes book an local listings local info us digital edition puzzles close stay ahead with a digital search news county news local news business health news editor's pick farming news crime sport football results rugby results cricket interviews youth sport wales rugby letters ask rudo property spotlight camera club what's on local fairs markets car boot sales walks what's on announcements acknowledgements death notices in memoriam public notices other announcements pem' farmer farming news comments digital edition wales farmer digital edition puzzles cars homes book an local listings local info us news sport letters what's on announcements pem' farmer uk news uk today county news local news business health news editor's pick farming news crime lidl urgently recalls paw patrol snacks due to link to explicit website lidl paw patrol snack recall due to link to explicit website lidl leisure shopping by joshua searle joshsearle99 uk today editor lidl is recalling four paw patrol snacks due to explicit content being linked on the packaging image: newsquest lidl has issued an urgent recall of four types of"", 'lidl recalls popular paw patrol snacks over explicit message evening the sign in news sport business lifestyle culture going out homes property comment news uk lidl recalls popular paw patrol snacks over inappropriate message supermarket urges parents to return the snack packs for a refund after reports of explicit content chase is on the case - but is he after this faux pas paw patrol live sian baldwin 30 august 2023 lidl has urgently recalled a range of popular kiddy treats after an explicit error was spotted on the packaging . shoppers are being urged to return the paw patrol snacks to the store in exchange for a full refund after a url published on the packaging had been compromised. the budget supermarket has had to withdraw four types of snacks because the url on the packaging directed consumers to a site not suitable for child consumption. the packs of paw patrol yummy bakes and paw patrol mini biscotti all have a website address directing families to head to the site so parents can have a break while their youngsters engage in some fun with their favourite characters. but the url has instead been directing those who gave it a']"
512_kraft_slices_singles_heinz,0.002533431088502356,512,21,"['kraft', 'slices', 'singles', 'heinz', 'choking', 'cheese', 'wrapping', 'hazard', 'slice', '83000']","['recall issued for kraft american cheese singles due to choking hazard orangetown daily voice find your daily voice orangetown your local news for orangetown, new york thursday, may 2 45 follow news schools business obituaries police fire weather lifestyle politics sports traffic real estate tags shop us orangetown follow find your daily voice news schools business obituaries police fire weather lifestyle politics sports traffic real estate tags shop us us all sites with us us terms of use code of ethics 2024 cantata 45 thursday, may 2 recall issued for kraft american cheese singles due to choking hazard a recall has been issued for kraft singles american cheese because of a choking hazard. kraft singles. photo credit: kraft heinz joe lombardi joelombardi email me stories 10:35 a.m. parent company kraft heinz said the voluntary recall involves around 83,800 cases of the individually wrapped slices. ""the voluntary recall comes as a precaution after a temporary issue developed on one of our wrapping machines, making it possible that a thin strip of the individual film may remain on the slice after the wrapper has been removed,"" the company said in a statement. ""if the film sticks to the slice and is not', 'throw away these kraft singles; they might cause a choking hazard - nj.com skip to set weather back to main menu close customize your weather set your location: enter city and state or zip code submit food dining throw away these kraft singles; they might cause a choking hazard updated: oct. 02, 2023, 1:26 p.m. published: oct. 02, 2023, 1:15 p.m. kraft heinz is recalling thousands of cases kraft singles american processed cheese slices after six people reported choking or gagging on plastic film that was stuck to the product. kraft heinz via u.s. food drug administration by katherine rodriguez nj advance for nj.com kraft heinz is recalling over 80,000 individually-wrapped kraft singles after it was discovered that a film may remain on the cheese long after the wrapper has been removed. the recall was announced last tuesday, saying that kraft heinz issued it out of an abundance of caution due to a temporary issue with one of its wrapping machines. a thin slip of the individual film may remain on the film after the wrapper has been removed and could cause a choking hazard, or at least cause people to gag. six individuals filed a complaint to the company', 'kraft heinz recalls american cheese slices due to choking hazard the epoch times open sidebar this , friends read business markets companies kraft heinz recalls american cheese slices due to choking hazard kraft heinz is recalling thousands of individually-wrapped kraft singles of american cheese slices following choking and gagging complaints. friends read save this image provided by kraft heinz shows a 24-pack of american cheese slices. courtesy of kraft heinz by lorenz duchamps updated: print x 1 0:00 kraft heinz is recalling more than 83,000 cases of individually wrapped kraft singles of american cheese slices after it was found that part of the wrapper could stick to the slice and become a choking hazard. the company announced the voluntary recall in a statement on sept. 19, pointing out that the recall affects a limited number of customers in the united states and comes as a precaution after one of its wrapping machines developed a temporary issue that makes it possible for a thin strip of individual film to remain on the slice even after its been removed from the wrapper. if the film sticks to the slice and is not removed, it could be unpleasant and potentially cause a gagging']"
834_mattresses_novaform_mold_costco,0.004033884630899557,834,10,"['mattresses', 'novaform', 'mold', 'costco', '48000', 'comfortgrande', 'dreamaway', '8inch', '14inch', 'fxi']","['costco recalls 48,000 mattresses due to mold growth: san francisco bay area affected - breaking homepage news business entertainment health sports technology world search costco recalls 48,000 mattresses due to mold growth: san francisco bay area affected business costco recalls 48,000 mattresses due to mold growth: san francisco bay area affected by admin september 25, 2023 september 25, 2023 67 costco recalls 48,000 mattresses sold in san francisco bay area due to mold growth in a recent announcement, the consumer product safety commission cpsc revealed that costco is recalling 48,000 mattresses sold exclusively at stores in the san francisco bay region. the recall comes after more than 500 customers reported mold growth in the mattresses. the affected products are the novaform comfortgrande 14-inch and novaform dreamaway 8-inch mattresses, which were sold between january and june of this year. the cpsc warns that individuals who purchased these mattresses may be at risk as they could have been exposed to water during manufacturing, leading to mold growth. while mold can be a nuisance for anyone, it is particularly dangerous for those with mold allergies, damaged lungs, or compromised immune systems. symptoms of mold exposure can vary but usually include burning eyes, respiratory', ""48,000 mattresses sold at costco recalled for possible mold nbc new york skip to content main navigation search search for: local weather investigations baquero tv listings our voices newsletters watch news 247 watch 247 trump hush money nyc to dublin portal feeding our families 2024 paris olympics nbc local deals savings new york live send photosvideos open house expand costco costco mattresses novaform recalled for possible mold. here's what you should know and how to get refunded fxi issued a recall of 48,000 novaform comfortgrande and dreamaway mattresses over the risk of exposure to mold by julia elbaba published september 22, 2023 updated on september 22, 2023 at 4:58 pm nbc universal, inc. fxi issued a recall of 48,000 costco mattresses after discovering the potential for mold exposure. the impacted mattresses exclusively sold at the megastore include the novaform comfortgrande 14-inch and novaform dreamaway 8-inch. the agency said the mattresses could have been exposed to water during manufacturing, increasing the risk of mold development. of 541 reports of mold on the mattresses, no injuries have been reported. 247 new york news stream: watch nbc 4 wherever you are the mattresses at risk were manufactured at fxis san bernardino, calif., facility"", 'ground news - mattresses sold at costco recalled over mold risk, officials say. what to know get access to our best features get started enable notifications browser extension wednesday, may 22, 2024 set location europe edition for you local blindspot israel-hamas conflict european politics european union uk politics european economy england politics russia politics ukraine politics uk economy police asian politics middle east politics ukraine war get access to our best features get started published 8 months ago mattresses sold at costco recalled over mold risk, officials say. what to know left center right bias comparison bias comparison costco is recalling nearly 50,000 mattresses due to the risk of mold exposure. the novaform comfortgrande 14-inch and novaform dreamaway 8-inch mattresses may have been exposed to water during manufacturing, leading to the development of mold. the affected mattresses were sold exclusively at costco stores in the northwest u.s. and san francisco bay area, as well as online at costco.com. the mold on these mattresses poses a health risk to those with compromised immune systems, damaged lungs, or allergies to mold. over 500 reports of mold on the mattresses have been received by the company. customers who own one of the recalled']"
436_cosmos_nasdaqcosm_cloudscreen_telehealth,0.00234698630631682,436,27,"['cosmos', 'nasdaqcosm', 'cloudscreen', 'telehealth', 'vertically', 'proprietary', 'diversified', 'nutraceutical', 'taglich', 'rd']","['cosmos health receives regulatory approval to sell sky life ... 2024-03-18 today: may 22, 2024, 2:39 am new release categories your current selected language is german click below to switsch to english new release categories health cosmos health receives regulatory approval to sell sky life ... pr-inside.com: 2024-03-18 14:25:32 chicago, il accesswire march 18, 2024 cosmos health inc. ""cosmos health"" or the ""company\'\' nasdaq:cosm , a diversified, vertically integrated global healthcare group engaged in innovative rd, owner of proprietary pharmaceutical and nutraceutical brands, manufacturer and distributor of healthcare products, and operator of a telehealth platform, announced today that it has received regulatory approval to sell its sky life vitamins and food supplements in the united arab emirates uae market, and has obtained its inaugural purchase orders. cosmos health has obtained consumer product registration certificates ""registration certificates"" from the public health safety department of the government of dubai. registration certificates of this type are valid for 5 years from the date of issue, are renewable, and allow the distribution of products in the uae market. additionally, the company is in advanced discussions with leading local entities and anticipates securing an distribution agreement based on the most favorable offer. according to insights10,', 'cosmos health to acquire cloudscreen, a cutting-edge ai-powered drug repurposing platform; anticipated to establish cosmos as a leader in the 25bn global market and deliver unparalleled returns for shareholders le lzard sections business environment health mining industry oil industry science and technology sports and recreation tourism and vacations transportation news wire franais classified in: covid-19 virus cosmos health to acquire cloudscreen, a cutting-edge ai-powered drug repurposing platform; anticipated to establish cosmos as a leader in the 25bn global market and deliver unparalleled returns for shareholders chicago, il accesswire october 11, 2023 cosmos health inc. ""cosmos health"" or the ""company\'\' nasdaq:cosm , a diversified, vertically integrated global healthcare group engaged in innovative rd, owner of proprietary pharmaceutical and nutraceutical brands, manufacturer and distributor of healthcare products, and operator of a telehealth platform, announced today that it has entered into a purchase agreement to acquire cloudscreen , a revolutionary artificial intelligence ai powered platform. cloudscreen is a multimodal platform for drug repositioning and repurposing. it integrates both 1d and 3d data types into its ai algorithm, which thoroughly analyzes the druggable proteome and variome, offering accurate predictions for repurposing of existing drugs toward new indications. the platform is accompanied by in vitro', 'cosmos health to participate at capital links \'invest in greece\' forum ... 2023-12-08 today: may 21, 2024, 11:12 pm new release categories your current selected language is german click below to switsch to english new release categories health cosmos health to participate at capital links \'invest in greece\' forum ... pr-inside.com: 2023-12-08 18:48:01 chicago, il accesswire december 8, 2023 cosmos health inc. ""cosmos health"" or the ""company\'\' nasdaq:cosm, a diversified, vertically integrated global healthcare group engaged in innovative rd, owner of proprietary pharmaceutical and nutraceutical brands, manufacturer and distributor of healthcare products, and operator of a telehealth platform, has announced the participation of its ceo, greg siokas, in capital link\'s invest in greece forum accelerating investments for sustainable growth. the event will take place on monday, december 11, 2023, at the metropolitan club in new york city. mr. siokas, will serve as a panelist in the discussion on greece as a regional healthcare hub - investment opportunities. the discussion is scheduled at 3:10 pm in the great hall at the metropolitan club. registration to attend, for by clicking here. 1-on-1 meetings for institutional for institutional seeking 1-on-1 meetings with cosmos health, inc., please and select cosmos health, inc. or email']"
395_laundry_tide_pods_detergent,0.0041723054873504745,395,30,"['laundry', 'tide', 'pods', 'detergent', 'packets', 'gamble', 'procter', 'bags', 'gain', 'ariel']","['procter gamble recalls laundry detergent pods because child resistant packaging can tear open easily - oregonlive.com skip to set weather back to main menu close customize your weather set your location: enter city and state or zip code submit business procter gamble recalls laundry detergent pods because child resistant packaging can tear open easily updated: apr. 05, 2024, 3:39 p.m. published: apr. 05, 2024, 3:25 p.m. procter gamble is recalling bags of tide pods, gain flings, ace pods and ariel pods liquid laundry detergent packets because of a packaging defect.. procter gamble by the associated procter gamble is recalling more than 8 million bags of tide, gain, ace and ariel laundry detergent packets sold in the u.s. and canada due to a defect in the products child-resistant packaging. according to friday notices from both pg and product-safety regulators in the u.s. and canada, the outer packaging meant to prevent easy access to the liquid laundry detergent pods can split open near the zipper track, posing serious risks to children and others who may ingest them, in addition to possible skin or eye injuries. so far, there have been no confirmed injuries directly tied to the defect. during the time period', '8.2 million bags of tide, gain laundry detergent packets recalled for serious injury risk nbc new york skip to content main navigation search search for: local weather investigations baquero tv listings our voices newsletters watch news 247 watch 247 trump hush money nyc to dublin portal feeding our families 2024 paris olympics nbc local deals savings new york live send photosvideos open house expand recalls over 8 million bags of tide, gain laundry detergent packets recalled due to serious injury\' risk the bags were sold at several major nationwide retailers. published april 5, 2024 updated on april 5, 2024 at 7:33 pm over 8 million bags of liquid laundry detergent packets distributed in the u.s., including tide and gain, were recalled by procter gamble friday due to a ""risk of serious injury"" involving the product packaging. according to the consumer product safety commission, the recall includes certain lot codes of tide pods, gain flings, ace pods, and ariel pods liquid laundry detergent packets packaged in flexible film bags that were manufactured between september 2023 and february 2024. the recall states approximately 8.2 million bags were recalled, with another 56,741 bags affected by the recall that were sold in canada. 247', 'pg recalls 8.2 million bags of tide, gain, other laundry detergents over packaging defect the epoch times open sidebar this , friends read us us news pg recalls 8.2 million bags of tide, gain, other laundry detergents over packaging defect friends read save this photo provided by the consumer product safety commission shows tide pods products. procter gamble is recalling more than 8 million bags of tide, gain, ace, and ariel laundry detergent packets sold in the united states and canada, on april 5, 2024. consumer product safety commission via ap by the associated updated: print x 1 0:00 new yorkprocter gamble is recalling more than 8 million bags of tide, gain, ace, and ariel laundry detergent packets sold in the united states and canada due to a defect in the products child-resistant packaging. according to friday notices from both pg and product-safety regulators in the united states and canada, the outer packaging meant to prevent easy access to the liquid laundry detergent pods can split open near the zipper track, posing serious risks to children and others who may ingest them, in addition to possible skin or eye injuries. so far, there have been no confirmed injuries directly tied']"
463_dancer_baxendale_leonards_stew,0.016315431679129844,463,24,"['dancer', 'baxendale', 'leonards', 'stew', 'orla', 'rla', 'mislabeled', 'dies', 'peanuts', 'cookie']","['professional dancer dies after consuming mislabeled holiday cookie the daily caller my account news politics us world entertainment sports business education outdoors satire opinion opinion two sides big tent ideas featured newsletters documentaries sick: unmasking big medicine stream documentaries patriots daily caller merchandise us professional dancer dies after consuming mislabeled holiday cookie photo by sean gallupgetty images ilan hulkower contributor january 25, 2024 1:41 pm et font size: a 25-year-old professional dancer died jan. 11 after having an allergic reaction to an incorrectly labeled holiday cookie during a social event. rla baxendale consumed a cookie that had peanuts in it, however the label did not reflect the ingredient, the baxendale family lawyers alleged in a release. the dancer suffered a fatal anaphylactic shock from her allergic reaction, according to their statement. related: quaker oats recalls over 60 cereals, snacks due to salmonella concerns the family lawyers further allege in their release that the cookie was manufactured by united and sold by the supermarket chain stew leonards. the lawyers note that a recall on the had been issued by both the food and drug administration as well as stew leonard that were sold from nov. 6 to dec. 31. the president', ""british dancer dies after eating cookie al bawaba skip to main content search search sort by relevance title date editor's choice toggle navigation english main navigation news business entertainment sports lifestyle the node slideshows social links fb editor's choice editor's choice british dancer dies after eating cookie british dancer dies after eating cookie published january 28th, 2024 - 12:19 gmt from x.com albawaba orla baxendale, a 25-year-old british ballet dancer residing in new york, who succumbed to a severe peanut allergy after eating cookie purchased from a stew leonards grocery store in connecticut. also read italian woman dies after eating tiramisu the shocking incident occurred when the packaging of the vanilla florentine failed to disclose the presence of peanuts, leading to a fatal anaphylactic shock. despite orla's meticulous approach to managing her severe peanut allergy, the absence of accurate labeling proved to be a fatal oversight. the young dancer, known for her skills in ballet, contemporary, and irish step dancing, tragically lost her life on january 11, despite carrying an epipen for emergency situations. orla baxendale, 25, was a brit living in new york city to train as a professional dancer. https:t.co4vvd82wzq9 the washington times washtimes january 28, 2024 the"", ""who was orla baxendale ny professional dancer dies after eating mislabeled from stew leonard's that didn't mention peanuts as ingredient international business times, singapore edition asia pacific us technology business fintech sports entertainment science celebsway lifestyle world who was orla baxendale ny professional dancer dies after eating mislabeled from stew leonard's that didn't mention peanuts as ingredient the manchester native relocated to new york city in 2018 to pursue training as a scholarship student at the ailey school, as mentioned on the school's website. by r. ghosh january 25, 2024 23:57 08 a professional dancer in new york passed away after consuming a holiday cookie containing peanuts that was incorrectly labeled. the cookie was purchased from the popular supermarket stew leonard's, leading to a dispute between the store and the wholesaler who are now pointing fingers at each other. orla baxendale, 25, suffered anaphylactic shock, a severe allergic reaction, after eating a vanilla florentine cookie on january 11, attorney marijo adimey said in a wednesday statement. baxendale, a uk native, who moved to the city to become a world-class dancer, ate the cookie at a social gathering in connecticut. the cookie contained peanuts, which were not listed as part of""]"
807_benylin_syrup_cough_diethylene,0.014880952380952384,807,10,"['benylin', 'syrup', 'cough', 'diethylene', 'paediatric', 'glycol', 'poisons', 'ppb', 'sahpra', 'nafdac']","['pharmacy and poisons board cautions kenyans against buying south african cough syrup - kenyans.co.ke skip to main content main menu news news tracker industry feel good stories featured facts main menu news news tracker industry feel good stories featured facts pharmacy and poisons board cautions kenyans against buying south african cough syrup by timothy cerullo on thursday, 11 april 2024 - 5:13 pm pharmacy and poisons board banner photo pharmarcy and poisons board copied to clipboard the pharmacy and poisons board ppb on thursday cautioned kenyans against purchasing benylin pediatric 100mls cough syrup batch no . this is after the product manufactured in south africa was recalled by the national agency for food and drug administration and control nafdac of nigeria. benylin pediatric syrup is a cough suppressant that works by decreasing the feeling of needing to cough . according to the board, the product was recalled due to quality concerns arising from an unacceptably high level of diethylene glycol. benylin pediatric 100mls cough syrup batch no flagged by the pharmacy and poisons board ppb on april 11, 2024 photo pharmacy and poisons board ppb in its statement warned that the diethylene glycol was a contaminant that is toxic to', 'toxicity concern: nafdac recalls benylin cough syrup with us wednesday, may 22, 2024 most widely read newspaper news sports investigations metro politics business healthwise editorial columns punch lite punchng menu: spice special features education sex relationship interview columns opinion betting with us toxicity concern: nafdac recalls benylin cough syrup 10th april 2024 by lara adejoro kindly this story: the national agency for food and drugs administration and control has recalled benylin paediatrics syrup manufactured by johnson johnson, following recent toxicity findings in the laboratory on the product. nafdac said laboratory analysis conducted on the product showed that it contains an unacceptable high level of diethylene glycol and was found to cause acute oral toxicity in laboratory animals. the agency disclosed this on its website on wednesday. a product recall is an important method of managing risks in response to product safety and emergencies. according to an online health portal, science direct, a product recall is a request to return to the maker, a batch, or an entire production run of a product, usually over safety concerns, design defects, or labelling errors. benylin paediatric syrup is indicated for the relief of cough and its congestive symptoms and for the treatment of', ""kenya recalls benylin children's cough syrup over safety concerns podcasts live tv live radio kenya recalls benylin children's cough syrup over safety concerns by citizen reporter published on: april 11, 2024 07:15 eat the pharmacy and poisons board ppb has issued a public alert, recalling benylin paediatric 100mls cough syrup batch no , which is manufactured in south africa by johnson johnson pty ltd over safety concerns. pbb said in a thursday statement that the alert was in response to a recall notice from nigeria's national agency for food and drug administration and control nafdac. the alert was prompted by nafdac's discovery of an unacceptable high level of diethylene glycol in the product, which poses serious health risks to consumers. diethylene glycol is a toxic contaminant that has been linked to severe health problems such as abdominal pain, vomiting, diarrhoea, headache, altered mental state, and acute kidney injury, all of which are potentially fatal. the ppb has since launched investigations and established a rapid response protocol to address the matter. the affected batch of benylin paediatric 100mls syrup, manufactured in may 2021 and with an expiry date of april 2024, is intended to relieve cough, hay fever, and allergies in""]"
